rep_id,omega,gamma,beta,c,convergence,rmse,mae,runtime
1,0.11495438680819618,0.10095786398593769,0.8033353427429193,0.47561359237651346,True,0.12770687833918395,0.0934031252738572,61.382386922836304
2,0.037974612373493324,0.06751419857290225,0.9314857991743194,2.653178567065635,True,0.19108667195009957,0.1871494797020764,84.04006314277649
3,0.06756003756398146,0.10489901316294334,0.8940990901701833,0.8127843954948726,True,0.13104291765627582,0.12101783484673126,50.190654039382935
4,0.07029674218706947,0.1294358859583068,0.8695640700333067,1.5510256989257583,True,0.14693135378392277,0.14597973301406852,60.89302682876587
5,0.2873018394399203,0.2025842418233605,0.28741720063750176,0.6444818953502298,True,0.1255051464950993,0.09840918152800412,284.59725999832153
6,0.06980083370224716,0.11417650480436331,0.8848212537369886,1.1124232037193078,True,0.1578868245441339,0.15504484188663198,17.02879571914673
7,0.11227857983278555,0.03561455941610988,0.7968421475364155,1.280142088687791,True,0.18792768679496366,0.18530320632188618,29.45548391342163
8,0.15640149869348538,0.398409412200346,0.6003659098217774,1.3242109195568832,True,0.0786480316935774,0.05093219489440136,225.48842692375183
9,0.06551814030407752,0.11520351537067477,0.8823754901649143,0.9562204735376789,True,0.11362366911122256,0.10624177246062995,42.407246112823486
10,0.07982471564744612,0.12692927392112202,0.8720700971847528,0.8193669635436458,True,0.13983105923612915,0.1241733251438958,42.87356233596802
11,0.12045067974991885,0.31569787180842546,0.6626377999038261,0.7361184586252502,True,0.1631003838398025,0.13341575794103266,167.33629894256592
12,0.06912383123640421,0.11574720843778678,0.8832480184094655,1.12402201755713,True,0.15122925141364862,0.1484650646617524,18.297842979431152
13,0.09932265133852498,0.093775498943316,0.8116084444937208,0.8471317157109642,True,0.11176967077024295,0.10831167528061096,46.06200408935547
14,0.18493421931970572,0.4352902155141315,0.45587692836837057,0.9786400799272668,True,0.13707258131051578,0.1120544904793615,254.14587783813477
15,0.11155978152358281,0.09296998734632361,0.7879701945896711,0.5696209744109066,True,0.09899082660251904,0.07439347938365527,71.80900192260742
16,0.14064656382984211,0.015129322545459381,0.7271333480147261,0.9031590948572426,True,0.16219293489598882,0.1578347197896906,24.33434009552002
17,0.24219562573768483,0.5988729768956722,0.3859453485363462,1.8394700696404713,True,0.07515644497085983,0.04991137913652598,232.84145522117615
18,0.06965742799913144,0.11988496164629853,0.8791149837627046,1.0946435942901358,True,0.1366044587426759,0.13277055387852515,27.054949283599854
19,0.06126871161288656,0.08172836145388243,0.9099111986765809,0.6686548464989288,True,0.13639510998914062,0.12098259796445657,43.25976824760437
20,0.1468339689889565,0.49591327836636734,0.5030832815818493,0.9151120869640407,True,0.17913007463902406,0.1524996666366084,97.09307503700256
21,0.11175956841245187,0.07795589102999545,0.8088540362048264,0.475910917026372,True,0.11757692620580035,0.0883911737305265,67.73836398124695
22,0.08094251537165231,0.1373248315446827,0.8596718067697651,0.5974683336881678,True,0.125362373835907,0.09123688702600537,51.59571290016174
23,0.06074975359821987,0.10303582723083046,0.8936567759706648,1.352599986601468,True,0.1596218209592479,0.15833893860281914,48.42103600502014
24,0.11898252216011311,0.2459504191088045,0.7502802010724363,1.1669234197803813,True,0.09906120064878506,0.08163356629386374,98.00512218475342
25,0.12271570968159917,0.3349729238875684,0.6640269105022938,0.8202711791545996,True,0.14246993341441802,0.11335593671305699,88.98473811149597
26,0.09119673682415794,0.08704662905101902,0.8437804267113492,1.3883374843926897,True,0.19113327763952886,0.19035441840182596,31.757701873779297
27,0.06943865981279854,0.11813962878374754,0.8808545931968388,1.049293824670543,True,0.1384373815607118,0.13441700786323418,23.27335786819458
28,0.07532936990538207,0.12226979794671264,0.8767301637894945,0.6597636928151906,True,0.12010031647035316,0.08716260340557662,44.37603425979614
29,0.18635666117916316,0.21083285220950937,0.4586980881468081,0.5245913035708248,True,0.17403601029861251,0.15359746387565673,293.58172082901
30,0.09437330810768813,0.04122529361912449,0.8485001710889177,0.4324780691041168,True,0.12962402610452792,0.12113736651863934,111.01664686203003
31,0.21360820870557676,0.5843081181510481,0.4145836987989378,1.4908119330197864,True,0.09068426894418694,0.06171422121525503,219.51544189453125
32,0.07526736942822451,0.11829233787615812,0.8807064807509194,0.7299346251714571,True,0.13289283030328297,0.10867161131451501,53.33027982711792
33,0.07356573266402473,0.13913969106118243,0.8598603071242683,2.1910472500186975,True,0.15680794777198873,0.15504322114074473,91.94238090515137
34,0.0811413233979162,0.10114798538458515,0.8589141205402081,1.203167725524094,True,0.16283493689245768,0.16206468120509698,23.858277082443237
35,0.06970060869018,0.11486199242925982,0.8841299092753329,1.1038582544064395,True,0.15357080011043645,0.15075311778458547,18.32012915611267
36,0.08626680408091124,0.08904580639051476,0.8581361018174705,0.7015100177364489,True,0.13246940571515559,0.12156248121538023,71.01060390472412
37,0.06958193306137855,0.11482903579838535,0.8841692168166934,1.1021618089393268,True,0.15425217783422168,0.1510852507237141,16.66634702682495
38,0.09239284363176588,0.09758198997942627,0.8428072479745188,0.8969577052504019,True,0.1485077750017303,0.14538786470296197,39.03233480453491
39,0.37856548797075174,0.2748999365368504,0.12593924399706077,1.33943866977932,True,0.09031632392135956,0.0771633703820524,254.49163699150085
40,0.06578706608903798,0.11660505732132717,0.8823938049862521,1.1440136582213503,True,0.131374457302716,0.1286973323828139,21.503127098083496
41,0.07488244999465857,0.11338776747994514,0.8839838830284148,0.6683321064735193,True,0.12881685489875774,0.09942011366980966,41.87625217437744
42,0.02797302651013109,0.02602860362974843,0.9466203077963677,9.99999375951093,True,0.18392787309517114,0.1781600670576979,70.2734067440033
43,0.2539496868416172,0.411637881474333,0.31106174498660216,1.0658050268835249,True,0.11461040633781584,0.08645865282321433,252.4825050830841
44,0.08050291535769617,0.12348224979439065,0.8705211181439076,0.6620738475935227,True,0.1246117114138072,0.09308313573290766,44.12788510322571
45,0.0709817463309601,0.11852776439716828,0.8804721477022672,1.025885839518484,True,0.14370872372120458,0.1390037289271792,45.912070989608765
46,0.06407377135428284,0.0927268704177924,0.9056141940036309,0.6926397211182671,True,0.13096101391305567,0.11342809853824806,45.9654483795166
47,0.11412401433048766,0.12073528281862697,0.7807385643168281,0.7477233448785326,True,0.10292244457916461,0.08710285359937903,58.98201107978821
48,0.17118694010106034,0.5118542877625144,0.486965708719493,1.1841212074079026,True,0.11568833488934045,0.09254282228080078,225.40439105033875
49,0.10914014955327256,0.08076262672605407,0.809462054263423,1.042013870459424,True,0.1693535872887556,0.16905058103915144,47.10187077522278
50,0.12773305940105995,0.2552568678060144,0.742750008992963,1.7880230501675947,True,0.12342129517841227,0.12201293031618259,83.99704098701477
51,0.17929942839843135,0.36141414507498376,0.6375857044229163,2.664235942781481,True,0.13791157798210377,0.136031779071359,51.74546003341675
52,0.06997154965184046,0.11478450517682556,0.8842154455064806,1.0991828511091557,True,0.15781891740317114,0.15487484312631325,19.983503103256226
53,0.0685751928659897,0.11652049603906212,0.8824794527265888,1.1402655386724143,True,0.14747609953343888,0.1451783468302626,39.30152893066406
54,0.07310635922335747,0.11051848590150742,0.8763743842112415,1.1360916551286389,True,0.15698090899626557,0.1550422663521224,20.604504108428955
55,0.06585121364894803,0.11698741123448264,0.8820108635947981,1.154727504425467,True,0.132492732101799,0.12976047305506663,38.458131074905396
56,0.07095608398589445,0.12293770137463765,0.8760621653206413,0.932594433867793,True,0.12019385738260681,0.11070934779518822,51.81360197067261
57,0.07577571615206932,0.12003944225118363,0.8789605100585314,0.801384419103718,True,0.13755284874759238,0.1212937028298785,49.6497528553009
58,0.06968869256945986,0.11466451922336987,0.8843299004010314,1.0977616495701503,True,0.15651619834068203,0.15354646491309729,17.357258796691895
59,0.06862353624634945,0.10490063075844548,0.8769724338983497,1.4533701177306773,True,0.15994962655942885,0.15908230908999374,47.807815074920654
60,0.0864196348567575,0.09020579379333668,0.8435128047047973,1.3278915422383066,True,0.16164853049281097,0.16104252660719443,31.509401082992554
61,0.06766629567407093,0.10841835934513673,0.890580991187514,0.7975537322097198,True,0.12859951069021383,0.11387541693413229,46.233088970184326
62,0.06593867349813683,0.12372556064016708,0.8752744359178763,1.0920609200607698,True,0.10799860552031104,0.10363601856069501,50.92874097824097
63,0.06956019128727903,0.115700481460171,0.8832986279624316,1.0948196537535066,True,0.15185933401628895,0.1485393794431186,19.276170015335083
64,0.20353079503404473,0.5871622245166449,0.4114140002130474,1.1892828451961568,True,0.1389782498242073,0.10904576951461772,212.89582324028015
65,0.2401989774001303,0.006081401452200104,0.5679820634095085,0.11946523815341847,True,0.15579264669230128,0.15389650990167422,100.44824886322021
66,0.086469853412507,0.11319021124816486,0.8466219384823068,0.7231547527220311,True,0.11099459928042509,0.09049723656763188,52.84375
67,0.22135654340690009,0.646690381570103,0.3521719940952415,1.2623689219344798,True,0.13881282427781652,0.1074477804751299,210.7927770614624
68,0.06969323016030918,0.11412853258000988,0.884870004485409,1.112705346875405,True,0.1598711039222624,0.1569394635398641,16.272130727767944
69,0.08453995787052547,0.11356059701630315,0.8528976986775437,0.8061991667352579,True,0.12080378863920455,0.10879591916028285,48.066267013549805
70,0.06814147592753664,0.10717241295729847,0.8902235381937417,0.9070026982056485,True,0.1402851580112984,0.1331626829192036,44.633259773254395
71,0.0848803307285862,0.08743290301098676,0.8445542665194549,1.4429295440863446,True,0.16380633988813367,0.16286702509695591,31.610975980758667
72,0.06961641852672777,0.12074157496339939,0.8782499181576674,1.1321505888739425,True,0.13800841236241204,0.13505951847173644,17.813479900360107
73,0.13284029493051108,0.05470645202936436,0.7547039533240452,0.42310951095044125,True,0.10421482355948786,0.08608445020623315,74.42262625694275
74,0.26025857566279337,1.3509410833072025e-05,0.514179648620676,1.1227423160950862,True,0.1932490758640681,0.18660140395068303,66.91491198539734
75,0.1602500024868876,0.013502467330825215,0.6877923815280291,0.13559239017849867,True,0.08592283894499358,0.06499217929131089,63.79484701156616
76,0.06932680021083318,0.12142286856729158,0.8775771092705932,0.9797952212456815,True,0.12285066426885116,0.11552982829135854,44.10279297828674
77,0.0553174106773118,0.06448414967067534,0.8982907939056841,9.999999401103631,True,0.19962041725650564,0.1936325468447796,89.39885783195496
78,0.0726481018782882,0.10632491657340498,0.8721240403688114,0.8508021024946215,True,0.11674654068292285,0.10771991650446024,53.45609378814697
79,0.0857186121039794,0.12975603851640943,0.8438955105650542,0.8896722607178951,True,0.11526275733058006,0.10390738268023732,40.557315826416016
80,0.0671580282830101,0.12020044026631044,0.8787991974045428,1.0629528478408938,True,0.12268136317793481,0.1178344153570306,33.866620779037476
81,0.2922580970342244,3.3950385054353784e-05,0.46117462469159687,9.999995875812472,True,0.20050317685436844,0.19443497825347947,110.85980892181396
82,0.07001559067881744,0.11123744807892877,0.8877624154296588,0.7442550726447108,True,0.12466961954674946,0.10424524067126631,50.18590831756592
83,0.0644836385959798,0.10765601723970575,0.8886359043423624,1.3499872317370754,True,0.16404453157946983,0.1629174601627599,48.75563287734985
84,0.08862823494916622,0.18702179508593217,0.8119773008055211,0.6908120753477589,True,0.11749941623871286,0.08785732071628478,50.01288604736328
85,0.10687254631009524,0.07852834454515228,0.8033381741731072,0.42941526496435434,True,0.10485274322076159,0.07771791128680994,77.82946610450745
86,0.12934746957454263,0.3865765996844166,0.6124096193946509,0.8539793815321017,True,0.1540396570110767,0.1267545216636699,118.45866799354553
87,0.06507343287816358,0.116371837313333,0.8826281455580411,1.261982907721667,True,0.13701543267058092,0.13545713338964332,43.487576723098755
88,0.06946828083799711,0.11506122358477308,0.8839382355599793,1.0979346017076126,True,0.15437703578649042,0.15059577909854932,16.145617961883545
89,0.09711900389606196,0.18994400084424024,0.8060773845498583,0.7252398930828716,True,0.11883659387123276,0.08425174933036256,54.55430507659912
90,0.11771906917873248,6.416640771973656e-07,0.783609280236466,2.0626917774644697,True,0.20001668977830248,0.1941749055844741,35.55911087989807
91,0.18148291921425286,0.021707307495026393,0.6541442835106729,0.7649299889516998,True,0.16519978605080596,0.16226065762747527,129.56252217292786
92,0.17678311314225204,0.014490585367843546,0.6787506031256976,0.11220249276559027,True,0.1129680379775304,0.08666877842210044,128.29926204681396
93,0.06549063604774778,0.1177665836267265,0.8812334161540716,1.859776224999262,True,0.16961651758194995,0.16828574758741968,52.58207893371582
94,0.09256858275928136,0.0834151381517203,0.8341639958124272,1.1977809186034625,True,0.16293208545001855,0.1625131189006531,25.555257081985474
95,0.07830590705842899,0.12016479679590764,0.868804099774279,0.7789833991639621,True,0.1212147929315415,0.10328083595844234,78.1293396949768
96,0.17199264032624043,0.5144766234681759,0.4837626253558534,1.0580632077906478,True,0.14705252769547988,0.11988243025344238,210.645916223526
97,0.06943695835701558,0.11732870321479885,0.8816677135692086,1.0619788924912188,True,0.1409013687467688,0.1370943058573958,21.052726984024048
98,0.19453913623201544,0.09811949213928897,0.5742469047620352,0.35559980509118727,True,0.14576920043927286,0.11675929207239423,74.7340726852417
99,0.07255851903849099,0.10835520112664201,0.8626714793655278,1.170897213787031,True,0.12287754411544972,0.12157950145716576,33.140047788619995
100,0.0647826427172255,0.06601853356816599,0.8810824043209007,1.7398678125780165,True,0.17461020060885338,0.1722085081449799,54.485610008239746
101,0.06957761455002098,0.11443291061887187,0.8845488901075695,1.1073597892348939,True,0.15764191355859147,0.1546764468308881,16.32768201828003
102,0.09126276096660738,0.061956475075669024,0.8305985614881591,1.560908522897053,True,0.17343146586202846,0.1711604446230549,28.79143714904785
103,0.14065712151351217,0.41281394079566425,0.5861852024242014,0.8386907227661675,True,0.17622353904068222,0.14442758848149476,119.21531987190247
104,0.34334704992993315,0.8530023755093105,0.1437300007792987,2.5631676485434083,True,0.07610472268449238,0.05899020512926157,246.18868589401245
105,0.2824855823021964,0.28877347904477174,0.3876636003048328,1.852866043853153,True,0.10849423749496871,0.10439332375185051,273.7654678821564
106,0.06434146906655851,0.1206464540029512,0.8783491415813396,1.1868541016242282,True,0.11478036935399848,0.11209725601995066,18.030946016311646
107,0.07320148703801549,0.1158752631275198,0.8831246539721426,0.9538115122327914,True,0.1531182470278615,0.14679847507877097,40.00005602836609
108,0.16418963370478373,0.004700628027588606,0.7061052783939596,0.065393961313466,True,0.11879418539458612,0.10941121028361414,128.2743422985077
109,0.08907718055954732,0.10646702951003467,0.8413959110970748,0.6945449936852324,True,0.10872894912300143,0.08985140232035764,53.200889110565186
110,0.06926232973396158,0.11568677402633401,0.883313119609158,1.0817506831902992,True,0.1471094375285014,0.14356668105530468,16.002400159835815
111,0.14711779970053768,0.09531083875682615,0.6848571784507462,0.31081153161443376,True,0.16917648984651812,0.1410239182272059,73.57116603851318
112,0.07593119616603744,0.10544210285400157,0.8614078637672324,1.1733965240521496,True,0.13759193025052768,0.13645360925692182,23.08886194229126
113,0.11066562605297411,0.08844722764478627,0.7849620984429587,0.4725558086544682,True,0.10237183215196591,0.07525726535250418,72.67172312736511
114,0.07861833357889397,0.1181357780592247,0.8581040876861067,0.7892640098895272,True,0.1061981915791876,0.0889554790538848,41.891075134277344
115,0.20969729860166508,0.6465924976595454,0.352326428897946,1.2934342631102664,True,0.12966210738387607,0.10361511751809062,224.34503483772278
116,0.14041566534712463,0.36865042639310236,0.6303476530983314,1.0651641857745713,True,0.1004849699893155,0.07413726847601405,134.3466579914093
117,0.1254442176034194,0.05452096031177878,0.7607044649243982,1.2297233117470499,True,0.15869484471257542,0.156857560629063,31.405261993408203
118,0.10412921225732322,0.06413020920407864,0.8161116235036047,0.44381238846029136,True,0.10569003610039508,0.0805708705795928,69.9549310207367
119,0.09254716094397039,0.08179052074730658,0.8195390528900708,1.0677629339585188,True,0.12325660781856752,0.12275654176376742,25.817144870758057
120,0.07234504260869754,0.11148150801686318,0.8780284904627309,1.1271091906278514,True,0.15573602490578312,0.15357800369255564,19.681355953216553
121,0.06667950904747776,0.11492219606871348,0.884064262640015,1.1615290605008937,True,0.14422685063784763,0.1416846478678885,19.76158595085144
122,0.0690749310354181,0.1180869579372951,0.8809125868388006,1.071822834002867,True,0.13970641934208605,0.13606451276826512,25.00578808784485
123,0.18142337157472233,0.40918320799469754,0.5898167662771706,1.622035732636455,True,0.09008735976408339,0.07605921186083016,175.11822700500488
124,0.08395601048366891,0.08233590431339963,0.8485485874915726,1.1336254022014622,True,0.1530284855508379,0.15247471346761016,26.832921028137207
125,0.24172483864465,0.1201035489029123,0.5735173265789145,9.999968509665374,True,0.22346357906017608,0.21798884718132974,41.980831146240234
126,0.06948288696987198,0.11497736741230602,0.8840222287224458,1.0991616439529028,True,0.15771978787417373,0.15440838707816038,17.13202714920044
127,0.07172744884691566,0.12442174370454998,0.8745782479447761,1.6125357188581249,True,0.17418354685253484,0.1732221272764133,56.616602182388306
128,0.08979459982128214,0.08879634982165005,0.8336089304650558,1.1118890295094228,True,0.14044376347636844,0.14004559430138808,23.733916997909546
129,0.07502317267537242,0.11987655533881673,0.8731106792401351,0.7793346993216683,True,0.11332761366039054,0.09496486712240595,35.84740591049194
130,0.0675584242244733,0.11799052279769405,0.8810030964732888,1.1492375001674304,True,0.1380029788604957,0.13517983098470063,19.59528684616089
131,0.2539416523744466,0.7319361256941558,0.26656347761671917,1.4719113122027168,True,0.1260325016327091,0.09377370722192149,243.4322760105133
132,0.09927278812695106,0.04257076698694474,0.8166947641332923,1.6888362351685946,True,0.1841940290061334,0.18049060977437462,31.152074098587036
133,0.16289163079156327,0.07731032114155655,0.6894751102171273,0.48504468864169925,True,0.10796005533149368,0.08539987722919955,57.94583988189697
134,0.07525189963699208,0.10632345066104165,0.8697097396916886,1.1879355287692137,True,0.1570767553448724,0.15578689640657126,34.895251989364624
135,0.11122233318197736,0.04437384398498455,0.7778362420107652,1.18784311545331,True,0.1407231503475077,0.1381808828420572,28.66093111038208
136,0.0664073758462832,0.1157160227079925,0.8832839595875392,1.1354440718398244,True,0.1356679148188702,0.1330269499609147,42.64410710334778
137,0.06541442958221672,0.11975073173972609,0.8792488594151798,1.184740005690157,True,0.12326166662312359,0.12077556292559626,34.22997570037842
138,0.07183062024511519,0.11252928168448359,0.8838811904459022,1.1118300347866734,True,0.17136542234588684,0.16854524794892453,22.752036094665527
139,0.07476100403539238,0.1212385980616348,0.8736549779755173,0.6991985640990344,True,0.11369230648939929,0.08610039872990341,38.66739892959595
140,0.07135072775392293,0.1225220450644112,0.8764779403189618,0.8225203041370919,True,0.11187410151546695,0.09600695713966827,38.71360516548157
141,0.0798429886360154,0.14076317525967297,0.8582368133390189,0.7732889094781354,True,0.1115148924995185,0.08541846472640346,51.05242991447449
142,0.16868713761865292,0.49829001290469144,0.4988998758973475,0.9873044816775823,True,0.1595293843978209,0.12976238063262113,207.1027970314026
143,0.09555688803961185,0.08560513161752228,0.8041878200087982,0.9861212589177479,True,0.09999263357621423,0.09925197726979795,41.99014401435852
144,0.045763496299454774,0.07634659121608962,0.9209460098510538,9.99997760929662,True,0.23177251690961417,0.2268599909048385,65.2422080039978
145,0.09138434012598293,0.062466951365832815,0.8303035808612798,1.5367395896944989,True,0.17080766772429787,0.1685470880980086,28.650134086608887
146,0.43472901300939554,0.25897217788994936,0.10762934947816129,2.2620838079423367,True,0.1394761526022071,0.13452782941380517,231.312757730484
147,0.17554113186176967,0.15958815778191404,0.6806624163157997,9.999988484488368,True,0.20465374394386465,0.1993372176227761,149.79994106292725
148,0.07007522310082549,0.11801061002665456,0.8809664083930767,1.0927741377239597,True,0.1462297213863567,0.14279147850390764,19.07339119911194
149,0.066476690213503,0.11687771959604784,0.8821148990479983,1.0986305336945188,True,0.13431310534673288,0.1303602767434299,22.762102127075195
150,0.07077802691742588,0.10233467397531774,0.8916423018594248,0.7154703523509214,True,0.12844670370517,0.11165045848647467,42.042680740356445
151,0.06752587815025343,0.11525973166541922,0.8837393178515134,1.0980459592215763,True,0.13904110051552043,0.13602275920647558,21.151232957839966
152,0.15616220980662354,0.030038497219449838,0.7360511284638831,0.2935050292757698,True,0.133369764757636,0.12361927631106714,93.02829504013062
153,0.1274230890874033,0.2558805927403845,0.7431181073150167,1.331375454473778,True,0.11205173736190303,0.10315422020964483,112.90020680427551
154,0.06999588365703267,0.11460257767711454,0.884397128687594,1.096576746231098,True,0.1596260235718512,0.1563959960315987,20.814815998077393
155,0.11202796534346147,0.04993372583635451,0.8125554364600822,0.49304860284800855,True,0.13534281596790687,0.12878681435970357,121.19742226600647
156,0.06917465076703373,0.11538943466215358,0.8836090708668747,1.103888847581553,True,0.1521937553905543,0.14901885568867715,16.630635976791382
157,0.07343669539336933,0.10875708289818453,0.8877594790434378,0.5356042305554022,True,0.13482527525666793,0.09740677810264539,51.86475586891174
158,0.10326260234475557,6.340431066965098e-07,0.8014759512409122,7.065968690121126,True,0.18139678678987303,0.17543977412604625,90.58236908912659
159,0.07472076928486665,0.12931435756113022,0.8626510176419399,9.999992660210491,True,0.1999249018229546,0.19488865732168142,141.36876893043518
160,0.092001719595479,0.10306889950292003,0.8388413848163725,0.8177171364322707,True,0.1280603913522706,0.12088665550456798,61.0499472618103
161,0.0753536094175002,0.11716367610320713,0.8818362876172965,0.8871588584825377,True,0.15394458632445682,0.14415272663077247,48.206475019454956
162,0.12682807552141043,0.06973756953626743,0.773908291442114,0.5291353839900637,True,0.11908600175784698,0.10628120775182083,162.30107879638672
163,0.11514433185440195,0.11073670054549534,0.775148248534655,0.7469781576976091,True,0.10006336860247918,0.08695913693157337,118.69378304481506
164,0.07528916226115488,0.10616074039834712,0.863342835372475,1.1577505892917186,True,0.13822881219849922,0.13687385717806444,23.266430854797363
165,0.12532187829209743,0.2438134987914361,0.7551864822741288,1.6150787532990623,True,0.13029875876909336,0.12836019258124362,141.0880618095398
166,0.06622765973771402,0.11826304638636297,0.88073690975021,1.1134274246598772,True,0.12688403233718026,0.12341484316502638,41.09166479110718
167,0.10973933195753777,0.218463715841972,0.7805350197067591,0.8970328282347451,True,0.1098962518191653,0.07716685566868627,117.09523105621338
168,0.09588492446232452,0.0910608524744711,0.8286175828419318,0.9161793667310962,True,0.13680872476932227,0.13511727671242285,42.95310020446777
169,0.069670019210226,0.11472272499636602,0.884273008558657,1.103070411257246,True,0.1545315188859343,0.15119491363076815,15.59752082824707
170,0.05987409503135324,0.10520508993543105,0.8937947771724821,1.6652487079616176,True,0.17088780868832845,0.1696252153438568,55.86133098602295
171,0.14868982359604896,0.33038337433488124,0.6686165772286907,1.4514835230698893,True,0.08901074357835899,0.07573431498723192,85.9793291091919
172,0.1246213154231008,0.25487127984171054,0.7441278084361944,1.303720914653547,True,0.10425838532079533,0.09500393715275891,143.46450209617615
173,0.02997629458244702,0.054160508172080665,0.9448394913911993,3.6642020622241267,True,0.19142640934641578,0.18648461689154924,89.67585706710815
174,0.11198720567113601,0.09318697992000696,0.7979512526653065,0.6179563871455714,True,0.11126950367934363,0.09360439851217128,59.39077806472778
175,0.06673083435552866,0.1074560284255156,0.8915438533284668,0.8612707311861603,True,0.12675268603038795,0.11760067688697161,56.84113621711731
176,0.13310686421546744,0.3193396424223638,0.6796594485520384,1.004065887920907,True,0.10344441591317574,0.07236358265963172,90.82347416877747
177,0.07953656552234359,0.09055101944821527,0.8546181653311644,1.293555490135126,True,0.15323703714472206,0.1526055140475268,23.169119119644165
178,0.06688030126376748,0.1196198362656446,0.879379167253123,1.0080281118795305,True,0.1136042871581372,0.10763739622801637,22.1996066570282
179,0.08043309015998884,0.10246214260327365,0.8597413216945611,1.1631757584026774,True,0.1575128247598023,0.15657490109862274,23.94929790496826
180,0.05037371670866658,0.06620840448374031,0.9102500917237479,1.6981764633614131,True,0.18041267648097545,0.17796146786959355,35.128133058547974
181,0.06886358257911013,0.11551320077770157,0.8834838638526077,1.117181146484197,True,0.15216398961579714,0.14897250116986382,17.991270303726196
182,0.0772240835350877,0.13759983338575935,0.8614000652482566,0.8845414264101996,True,0.11413369323524651,0.09873058221723124,56.526509046554565
183,0.07033583347680447,0.10967139752253477,0.8864824004340792,0.778760278252128,True,0.1208164669018886,0.10601258475935404,48.0226628780365
184,0.06712368371623548,0.11298420979094828,0.8860157548720617,1.2840268328308282,True,0.1652117288016896,0.1636453705496133,55.21369504928589
185,0.12801386386939975,0.052089492188794786,0.7842310448286764,0.4423121114478234,True,0.12912524433436406,0.11804017984896478,112.64887714385986
186,0.07677542872911888,0.11349863577368587,0.8853531014734091,0.5073554122220487,True,0.14026835075272248,0.10089419191645332,58.785544872283936
187,0.06508857104981461,0.11962962831871354,0.8793665897961187,1.1462363570788912,True,0.11906585401638707,0.11570400221249222,18.100697994232178
188,0.07925214914072903,0.14184915997757985,0.8571490418803103,1.2145725929756233,True,0.13688296019655694,0.13402786171572498,88.43085312843323
189,0.10724967671836061,0.07050325853416178,0.7995345375465737,0.6726872687812007,True,0.10925687097063215,0.10520317266415145,49.27940130233765
190,0.08854579400201368,0.13384498372532533,0.8651550115314395,0.7085560729295175,True,0.14579817675185577,0.11609833262324687,61.77505612373352
191,0.0765215116373843,0.11321098547817576,0.8799628265844155,0.5700813689538298,True,0.12528788658465406,0.09097143800037097,41.93537211418152
192,0.10989485769415772,0.10358798169135452,0.7950393156655883,0.7271378836352638,True,0.10834523539983264,0.09675606327574462,45.48388314247131
193,0.06588401196753524,0.11833335105079938,0.8806659302187914,1.1115185655668043,True,0.1234065658162526,0.11998880100821514,21.302249908447266
194,0.07469561571605232,0.1200173735067504,0.8728998415239069,0.6852368838575342,True,0.11263859850503155,0.0852623454398036,44.427013874053955
195,0.14872119023828356,0.023293175111633067,0.7402931604253653,0.3288971604672772,True,0.1400580614910197,0.13792798843526236,158.05133199691772
196,0.1020214484263933,0.09224636318783477,0.8310868778841962,0.6928727638318892,True,0.1378689841419082,0.12793022600073978,56.299883127212524
197,0.07114502136522026,0.11936198298790446,0.8793411023889219,0.7913316905910357,True,0.1175052865508648,0.09802644325955319,36.095438957214355
198,0.4325179724756558,0.40039229902121215,0.1026775166557439,2.9790795409925837,True,0.13613924816838407,0.13109795226746737,202.26865100860596
199,0.06910167135660034,0.11767575378268197,0.8813177633686184,1.0897276683943873,True,0.14036275655694336,0.13705605758056405,22.646009922027588
200,0.21887507000289022,0.41182955183434744,0.5796874721594723,9.999974325683668,True,0.17939898708581883,0.17358006099195766,55.27274298667908
201,0.08542111199481675,0.16657129280368424,0.8302827069662093,0.6130183081822369,True,0.12055544811880659,0.09168784686381543,50.549814224243164
202,0.07949262037901239,0.10107982403786717,0.8534470847980673,1.1566087493067247,True,0.13707591852842907,0.13613644368320574,25.457134008407593
203,0.0651979186789085,0.12079502565085878,0.8782034216472789,1.1637457993258158,True,0.11852177604143305,0.11565114508618674,21.98276400566101
204,0.07008351296835616,0.11899995199183361,0.8799648475491194,0.7551061406924091,True,0.10799892139037658,0.08704789041672734,52.32591414451599
205,0.240986048672921,0.00354791569392248,0.5781113480376981,0.0644075821813366,True,0.162769772719648,0.1601990840687193,78.93244528770447
206,0.21725929852569517,0.6260918005211084,0.37132542260365137,1.274656821869197,True,0.1326005500158211,0.10236688312501267,212.05560302734375
207,0.10400394213312049,0.10102417283207527,0.8250453095012699,0.6635264852059741,True,0.12589944213418025,0.10975333420490628,53.402453899383545
208,0.05763575820341511,1.9134158264408186e-06,0.8957092504706698,2.4557836066170617,True,0.20855087131362035,0.20273443648828793,83.89696002006531
209,0.07221897541785055,0.11396711589085032,0.8850316683094448,0.7027449288185748,True,0.12465770396710435,0.09879424305710288,52.446372270584106
210,0.13633294631538742,2.1668821444437936e-06,0.754530199490244,2.6071813958954237,True,0.21167255034465643,0.2062769376181351,69.67241096496582
211,0.06984417096356017,0.11618152549260599,0.8828170402591273,0.8492031470191568,True,0.1254881204162787,0.11303284185304059,47.41298198699951
212,0.06845534233479456,0.1158431679175757,0.8831567004009675,1.0999973591011214,True,0.146349466016615,0.14281977766386217,19.861654043197632
213,0.07283516777746857,0.10843635786218969,0.8848409886447341,0.7367385472196879,True,0.12662946620781393,0.10892229262756672,37.03469109535217
214,0.06816819716590701,0.11900681420345507,0.8799919410476692,1.0661095816638944,True,0.13109273505737848,0.1266432520913739,16.216729164123535
215,0.11305063143519778,0.2131897839943755,0.78581021356899,2.3635692058281506,True,0.16159333810699228,0.16029737437642552,91.63186621665955
216,0.07586383914221154,0.10640110893045171,0.8651369021023944,0.9598273447058405,True,0.12666801324438123,0.12252090422203088,52.8013277053833
217,0.073673410550469,0.1111692415618599,0.8853637594391441,0.7535261142602493,True,0.13659972460702688,0.1184440723527265,37.00558280944824
218,0.09072438122044464,0.15122316624366505,0.832483681709822,0.7943428698824764,True,0.1135728851776584,0.08697476786371601,53.92685890197754
219,0.06906761845955982,0.11557737994241282,0.8834192897789521,1.1065277965653562,True,0.15085986733897247,0.14772871429294396,16.000581741333008
220,0.5113326485588847,0.8671718701065589,2.892069069842472e-07,8.045001333589012,True,0.16998449201768123,0.16425499258267276,53.94619798660278
221,0.08349315634671789,0.0964695415290104,0.8560692044382274,1.2420303058377575,True,0.17221571174893766,0.171650551404947,26.08317232131958
222,0.07690640678819917,0.11721033536753239,0.8817842424008862,0.7753143448864637,True,0.14754151876352667,0.1295549788796349,53.45375990867615
223,0.07023345602445949,0.12214380088282699,0.8768559494622377,1.0255624276969277,True,0.12806698546589976,0.12249370880291943,34.45659327507019
224,0.07726017855500689,0.12068852694074433,0.8736271871274379,0.660777400504459,True,0.11996995695377535,0.0894052383508538,35.35103917121887
225,0.2057727198729053,9.409441115509663e-08,0.6352101111164015,0.40664256764789375,True,0.218626976045743,0.2130668445952238,120.34899306297302
226,0.1018607350711479,0.08932977323057795,0.8156975044706474,0.7174871053466265,True,0.11668165318031214,0.10892128406856284,48.45535206794739
227,0.06465031102846736,0.11901076459320652,0.8799875116504202,1.1965863342104164,True,0.12164542038227392,0.11939181681760333,22.011743545532227
228,0.10062566413039872,0.08928725659386569,0.815129261742992,0.7409250362687945,True,0.11358263929595054,0.10689846802997212,54.34657001495361
229,0.086996901052614,0.10461539051085883,0.8402436344445476,0.9241711005761647,True,0.11868208080448711,0.11496442774473627,36.83319616317749
230,0.06659827366760972,0.11931927008953258,0.8796806760442526,0.9646432314976895,True,0.11280894896805319,0.10503734377721967,38.642598152160645
231,0.06354376633969283,0.11997737493666463,0.8790151784378295,1.1640312704825404,True,0.11095289325631517,0.10817379619689105,19.382259845733643
232,0.06407264213626765,0.12069933860970805,0.8782860513829432,1.1874450518496984,True,0.11482360618929205,0.11181525965900875,17.730639934539795
233,0.07067546264937459,0.11325388131533771,0.885741581040456,1.0887205201406525,True,0.1642312532287778,0.1613854999314347,21.330865144729614
234,0.12657825936796196,0.2688429409157666,0.7301566443975971,1.4637230234634706,True,0.09535661884781246,0.08939085082839526,103.2661919593811
235,0.06701699137051685,0.11912397501836808,0.8798760242244661,0.9123780384623786,True,0.10885040312036993,0.09834578736106546,43.68298673629761
236,0.07019985138093233,0.11384573072918797,0.8745984655052892,1.1116628998826021,True,0.1340305348291137,0.13148981824868508,22.499404907226562
237,0.10012460718513837,0.08639497564425913,0.8225294511320151,0.7983719376237639,True,0.13237895193911386,0.12889236281996216,59.075886964797974
238,0.19703795277135921,0.023294617734018506,0.6598263209829318,0.4004386072346496,True,0.17468472185416553,0.1739044817231933,92.48902106285095
239,0.08080267595010096,5.737543358042048e-07,0.8481735871676749,3.834822997218838,True,0.19097675394671038,0.18503632343406992,43.23368191719055
240,0.1203559510631689,0.27577916100466593,0.7232198504762809,1.0575552955366123,True,0.08909399328832987,0.059700535780316547,126.64083313941956
241,0.06951251675268849,0.11505556461111799,0.8839332223368321,1.0972623752154207,True,0.153352112140625,0.1501383578056079,15.10212230682373
242,0.09827401607390074,0.11212633844076197,0.8141822164235377,0.9090008143895948,True,0.11338317702609865,0.10881268569920863,45.03726100921631
243,0.3436330382279219,0.0193094587980474,0.36862709981295694,9.99999998977614,True,0.20056040140076997,0.19447539022168603,124.53957891464233
244,0.08300409130450123,0.10468154586336813,0.851137782332815,0.8164022363117919,True,0.11597472963002659,0.1071785599104182,55.61473202705383
245,0.11294599978374878,0.040584463442573125,0.8214629636932966,0.335455449541584,True,0.12546454598366308,0.10437531587101363,122.0297589302063
246,0.11706645210822411,0.09707123054876479,0.7813865651688148,0.5373232479576776,True,0.10612355545091627,0.07706614539639248,73.15126585960388
247,0.07104817335857494,0.11392447532570082,0.8688594702100502,1.0243052121411296,True,0.11529189536866723,0.1112454163781123,42.37797808647156
248,0.0790062827077574,0.12206778428457438,0.8759593607930958,0.7896666712133054,True,0.14433090405610666,0.12557938554899747,40.540013790130615
249,0.13721705794433536,0.08377935249143253,0.7299983884799204,0.7975566772033311,True,0.11234557215727502,0.11010829790540054,144.87860989570618
250,0.5227550962437976,0.9985192401505891,0.00046169008063610636,9.605885379808182,True,0.18041848770968943,0.17467817567243157,92.94364166259766
251,0.1639740292104705,3.378652247140257e-07,0.6904230196102003,1.6199564523452565,True,0.18889984812409508,0.18315849329948497,64.84885096549988
252,0.08673108652536327,0.15514783881492786,0.8438521578868284,1.199018298328319,True,0.13724525570494406,0.13333878443046882,59.278727293014526
253,0.1782435723453134,0.05558133311813415,0.6592437419591297,0.42443585997948274,True,0.10771880497479706,0.09334780587031993,144.72162294387817
254,0.06840403220462654,0.11752720796685641,0.8814727813152221,1.2122143427479224,True,0.14970596292677565,0.14783036431674124,37.07144379615784
255,0.06847862397812635,0.11852099907947347,0.8804784292911345,1.060654803736559,True,0.13186133023734425,0.12808160130647808,18.516468286514282
256,0.0954851731811413,0.1682812183416623,0.8298844564176966,1.191363702037249,True,0.1418810239226486,0.13739139982881768,53.63716197013855
257,0.08774718252701758,0.06952419066432548,0.8378547869470865,1.4798236262690563,True,0.16815820447195307,0.1664067992729687,26.190579175949097
258,0.08924313471632511,0.14021272838075666,0.8587842691537521,0.7356137263463669,True,0.1377347971062978,0.10920832795846933,57.5558819770813
259,0.12924276848020605,0.049673919678664455,0.7834094470236491,0.34922888644003747,True,0.12067121138817348,0.09493999023360855,67.3939368724823
260,0.07906886857136015,0.09271804647362215,0.8692462341654168,0.8150907594234522,True,0.1405957544708709,0.1342986933502175,62.246285915374756
261,0.0694105530276647,0.11505066791289309,0.8839466248478125,1.0978004090907125,True,0.15451939546501117,0.15127435383437,15.542610883712769
262,0.1569822365500856,0.018279465310383165,0.7063953805494478,0.41272505157220063,True,0.1452761347103831,0.14436818407011076,165.2540991306305
263,0.3313705325266369,0.10708472138347441,0.3102455841894571,0.7285870343636027,True,0.11267981076412156,0.10298231979823673,323.4042239189148
264,0.0631632650034069,0.1192138981574859,0.8797860719984463,1.3074005193306117,True,0.12162365811726325,0.11986969495031202,43.57203412055969
265,0.09444120235292469,0.0784300742962581,0.8210692220923093,1.0839775503159474,True,0.1364915268827924,0.13609525356265387,26.588677883148193
266,0.2891737588121247,0.7728148022039842,0.22540794206547005,1.8248929351778913,True,0.09112029915624067,0.058845343018176434,233.12016320228577
267,0.07050514838709826,0.11482722908096593,0.8831342320402986,0.9116811944353659,True,0.13126680439139013,0.12301995868181195,38.70572519302368
268,0.08460015577611073,0.09886855865720129,0.8449780305757033,0.7505323412976199,True,0.10368484089567422,0.09240283805281814,53.302419900894165
269,0.10587382810269791,0.1034928354402484,0.8260505281487679,0.6155178698436163,True,0.1315381611800102,0.10731200931247384,63.48491382598877
270,0.08509580848764842,0.16583970775714135,0.833160270291427,1.0403807442192947,True,0.10130492670535579,0.08989315613470379,79.4902937412262
271,0.09067836761725902,0.06266615607639216,0.8311092470964933,1.5246000291828856,True,0.17083637911695085,0.16879111845722433,27.254113912582397
272,0.06492565560108672,0.11492084324935598,0.8840787326682822,1.1904129244404373,True,0.1369443631967004,0.134671163001431,35.92965888977051
273,0.07284970520044637,0.11746596841088172,0.8794934312448305,0.8571901998175565,True,0.12947977643608186,0.11820569589369802,32.66319727897644
274,0.061553397773138445,0.09431407825277864,0.9046827061237153,0.6956639819179045,True,0.11834741089363039,0.09877874426840197,57.279776096343994
275,0.09284691284501144,0.15850068352836086,0.8265710977073302,0.7698818125051011,True,0.11191427090011112,0.081695768793389,43.46113896369934
276,0.1696504844309199,0.498579503148633,0.49904991993098813,1.0116415557020881,True,0.1532916342623073,0.12405382327255336,204.73738074302673
277,0.07775149107925006,0.13070519480205872,0.8653560193051015,0.7693441820280491,True,0.10968149132942048,0.08648697021072184,41.9327290058136
278,0.06960856339863723,0.11365136250950147,0.8758005979665828,1.102538330240278,True,0.13279605014344573,0.12991899701305104,22.521838188171387
279,0.07779536890712702,0.12819999735570453,0.8661547206053135,0.7610921763102247,True,0.11245167492606048,0.08881721991404759,33.631295919418335
280,0.17307954383567953,0.006844426631600033,0.7091513947412151,0.050154303797677824,True,0.1309925743694742,0.10245526967309075,154.01046085357666
281,0.08777685997061022,0.13030116883908724,0.8623037573957076,0.5797840142889988,True,0.14103466108787305,0.10177661715903157,47.50026798248291
282,0.072589716974879,0.11793837379528638,0.8810608086365301,0.9167541774343982,True,0.14137854800596963,0.1320278989347902,48.043402910232544
283,0.1250974260872473,0.050763400395774656,0.7645315245498243,1.0842274067372608,True,0.15958637714741464,0.15817035525665415,30.63252305984497
284,0.06920344780693227,0.12451604634567304,0.8744835770944743,0.865513239704452,True,0.10545016344628394,0.0909935491560622,44.33343815803528
285,0.06758878073632463,0.11564982702004262,0.8833501325064099,1.1004190387586938,True,0.1409587750272171,0.13745576481289276,34.00483512878418
286,0.0766485344028199,0.11945592810735428,0.8716572540462396,0.795117252673448,True,0.12420581083393901,0.10678868475915418,37.56593585014343
287,0.08107192062024496,0.1131833586626947,0.8751065023707036,0.7549425466327423,True,0.14830376103747228,0.13235774925819452,33.86035203933716
288,0.07199512703003594,0.11307009214761551,0.8728553976143935,1.1249988008500795,True,0.14156611963303464,0.13920099855323234,25.009680032730103
289,0.06924750933705515,0.11783673044675787,0.8811625663061091,1.0934673954302143,True,0.1413156864164121,0.13818051641920104,22.16562008857727
290,0.07779032460804436,0.12577220757353477,0.8708821386662127,0.7071035972824755,True,0.11646748607376034,0.08937843560770511,35.40315079689026
291,0.07238242259706851,0.11146946283463957,0.8763695419239517,1.1180063343289686,True,0.15242866793158497,0.15007012590373503,22.818417072296143
292,0.5125145956704886,0.9988823356900502,6.80578169853167e-08,9.621997170455256,True,0.16975390746821753,0.16367249681736268,125.65228533744812
293,0.1894892416607752,0.2459912495068034,0.6611885943927599,9.999955997278914,True,0.2136727002241287,0.20812614678558544,89.99207806587219
294,0.07998337636202422,0.06554975438472604,0.8452548660998866,1.657100074495161,True,0.15491621185892143,0.15241927569067673,56.53387713432312
295,0.0645096168010894,0.1204860938457884,0.8785118022431702,1.177469835120858,True,0.1153148577891043,0.11239056543076965,15.94701886177063
296,0.09786628595268465,0.10537433209728386,0.8182766046143934,0.7538053096705312,True,0.10651025763762306,0.09504706459372131,67.62462615966797
297,0.06882567738967882,0.1210103890204702,0.8779895890214152,1.2044630012349533,True,0.14115674021937175,0.13896783695039888,35.36653399467468
298,0.09419752361876983,0.08525640740727272,0.8328120390003854,1.334062643398771,True,0.1754192654534581,0.174712115841239,25.848538875579834
299,0.19924656069295696,0.17969805040782372,0.4705557875571082,0.43425287880147667,True,0.19333064005275014,0.169332599305614,248.2066719532013
300,0.04371960866537583,0.08002515527102189,0.9189747922406981,3.7634087719309637,True,0.18717840662401314,0.18261685805334552,58.12280225753784
